{
  "info": {
    "_postman_id": "bea8cefd-8ef8-4669-b075-3c9bc0f9c4a6",
    "name": "LangFlow",
    "schema": "https://schema.getpostman.com/json/collection/v2.1.0/collection.json",
    "_exporter_id": "43574575"
  },
  "item": [
    {
      "name": "GenerateTCforBankApp",
      "request": {
        "method": "GET",
        "header": []
      },
      "response": []
    },
    {
      "name": "New Request",
      "request": {
        "method": "GET",
        "header": []
      },
      "response": []
    }
  ]
}